{"vendor":{"plugins/booking-acc":"1.0.0"},
"admin-config":{
"wpcf7":{
    "pages":{"admin.php":"page=wpcf7"},
	"forms":{
      "form-panel":{
       "fields":{
            "textarea-wpcf7-form":{"jquery":"textarea#wpcf7-form"}
            }
       }
  }
},
"post":{
	"pages":{"post.php":"", "post-new.php":""},
	"anchors":{"post-body-content":{"where":"first last"}},
	"forms":{
      "postbox":{
       "jquery":".postbox",
       "fields":{
            "property_address":{"jquery":"#_property_address"},
            "newfeatures":{"jquery":"input#newfeatures"},
            "newfeatures":{"jquery":"input#newlocations"},
            "selectit":{"jquery":"li .selectit", "encode":"display"},
            "postform":{"jquery":".postform option", "encode":"display"},
            "cmb2_select":{"jquery":".cmb2_select option", "encode":"display"},
            "cmb2-checkbox-list":{"jquery":".cmb2-checkbox-list label", "encode":"display"}
            }
       }
	}
},
"all_posts":{
	"pages":{"edit.php":""},
	"forms":{
      "table":{
       "jquery":"table.wp-list-table",
       "fields":{
            "td":{"jquery":"td", "encode":"display"}
            }
       },
      "wpbody-content":{
       "fields":{
            "h1":{"jquery":"h1", "encode":"display"}
            }
       },
      "rates_list":{
       "fields":{
            "span":{"jquery":"span", "encode":"display"}
            }
       }
	}
}
}
}